VisitorType,avg_page_value
Other,18.19181222389411
New_Visitor,10.77218748275915
Returning_Visitor,5.006175700140938
